Symbol,Underlying,Type,Strategy,Quantity,Entry Price,P/L %,Strike,Entry Premium
"RTX","RTX","Stock","Long Stock","100","198.16","","",""
"LHX","LHX","Stock","Long Stock","100","352.85","","",""
"VSAT","VSAT","Stock","Long Stock","100","46.39","","",""
"SATS","SATS","Stock","Long Stock","100","109.84","","",""
"NVDA","NVDA","Stock","Long Stock","100","172.7","","",""
"PLTR","PLTR","Stock","Long Stock","100","150.68","","",""
"KTOS","KTOS","Stock","Long Stock","100","84.62","","",""
"RKLB","RKLB","Stock","Long Stock","100","67.23","","",""
"RDW","RDW","Stock","Long Stock","100","9.2","","",""
"LUNR","LUNR","Stock","Long Stock","100","17.83","","",""
"ASTS","ASTS","Stock","Long Stock","100","89.93","","",""
"TSLA260327C00370000","TSLA","Covered Call","Covered Call","10","367.96","","370","8.13"
"RDW260320P00012000","RDW","CSP","Cash-Secured Put","15","9.39","","12","2.5"
"LUNR260327P00017000","LUNR","CSP","Cash-Secured Put","5","17.3","","17","1.51"
"TSLA260320C00392500","TSLA","Covered Call","Covered Call","5","391.2","","392.5","10.6"
